{
  "proxy.js": 1774888125.5876505,
  "app\\layout.js": 1774884410.584421,
  "app\\page.js": 1775127712.4857655,
  "app\\api\\activity\\route.js": 1774953999.336822,
  "app\\api\\ai-coach\\route.js": 1774352050.038268,
  "app\\api\\answer-feedback\\route.js": 1775572907.4499419,
  "app\\api\\ask\\route.js": 1775820372.9666722,
  "app\\api\\ask-ai\\route.js": 1775306258.9040017,
  "app\\api\\chat\\history\\route.js": 1774188999.9257128,
  "app\\api\\chat\\send\\route.js": 1774188967.4598918,
  "app\\api\\daily-plan\\route.js": 1774376995.4865632,
  "app\\api\\delete-document\\route.js": 1773587130.6448781,
  "app\\api\\delete-pdf\\route.js": 1773988048.6048944,
  "app\\api\\documents\\route.js": 1774953982.237921,
  "app\\api\\exam\\route.js": 1774720237.1406717,
  "app\\api\\focus-progress\\route.js": 1774350569.1157548,
  "app\\api\\generate-document\\route.js": 1774973117.401692,
  "app\\api\\generate-quiz\\route.js": 1774954012.6229575,
  "app\\api\\get-pdfs\\route.js": 1773988177.4944592,
  "app\\api\\mastery\\get\\route.js": 1774185904.0094354,
  "app\\api\\mastery\\update\\route.js": 1774185870.9110215,
  "app\\api\\memory\\weak-topic\\route.js": 1774954006.7527382,
  "app\\api\\payments\\create-order\\route.js": 1774885375.1839972,
  "app\\api\\payments\\verify\\route.js": 1774884300.6573663,
  "app\\api\\payments\\webhook\\route.js": 1774893662.858653,
  "app\\api\\process-pdf\\route.js": 1775208291.696427,
  "app\\api\\progress\\route.js": 1774954045.5682337,
  "app\\api\\save-pdf\\route.js": 1773995268.139192,
  "app\\api\\streak\\route.js": 1775068243.8422325,
  "app\\api\\study-plan\\adaptive\\route.js": 1774187073.2812524,
  "app\\api\\study-plan\\generate\\route.js": 1775616236.8295982,
  "app\\api\\syllabus\\route.js": 1774450648.890939,
  "app\\api\\upload\\route.js": 1773766186.768757,
  "app\\api\\voice\\end\\route.js": 1774924638.8581984,
  "app\\api\\voice\\respond\\route.js": 1774927267.5459735,
  "app\\api\\voice\\speak\\route.js": 1774927277.4524295,
  "app\\api\\voice\\start\\route.js": 1774924589.8508658,
  "app\\api\\voice\\transcribe\\route.js": 1774927288.033516,
  "app\\api\\weak-topics\\route.js": 1774718930.9250212,
  "app\\ask-ai\\page.js": 1775815319.7959287,
  "app\\auth\\callback\\route.js": 1774890382.899549,
  "app\\call-tutor\\layout.js": 1775163721.6611254,
  "app\\call-tutor\\page.js": 1775170951.107507,
  "app\\chat\\page.js": 1774197108.4013073,
  "app\\dashboard\\page.js": 1775823171.023401,
  "app\\login\\page.js": 1774890231.2839768,
  "app\\onboarding\\page.js": 1775739439.17093,
  "app\\pricing\\page.js": 1774884349.2872036,
  "app\\robots.txt\\route.js": 1774884395.457429,
  "app\\signup\\page.js": 1774890292.3683734,
  "app\\sitemap.xml\\route.js": 1774884398.3540683,
  "components\\AISuggestionCard.jsx": 1774075219.5899,
  "components\\AskInput.jsx": 1774075279.8029292,
  "components\\BrainCard.jsx": 1774075249.7994382,
  "components\\ErrorBoundary.jsx": 1774871060.2767022,
  "components\\ThinkingAnimation.jsx": 1775821857.1245272,
  "components\\answer\\AnswerRating.jsx": 1775488526.8979816,
  "components\\answer\\AnswerSection.jsx": 1775736518.4404008,
  "components\\answer\\ConfidenceBadge.jsx": 1775530419.367316,
  "components\\answer\\DiagramBlock.jsx": 1775488462.6396363,
  "components\\answer\\DynamicFollowUps.jsx": 1775664994.9872024,
  "components\\answer\\QuickSummary.jsx": 1775488481.3122537,
  "components\\answer\\SessionCallout.jsx": 1775530477.3184407,
  "components\\answer\\StructuredAnswer.jsx": 1775736532.8517506,
  "components\\dashboard\\AICoachSection.jsx": 1775052987.2103393,
  "components\\dashboard\\AnalyticsSection.jsx": 1775127778.416198,
  "components\\dashboard\\AskAISection.jsx": 1775833149.1588373,
  "components\\dashboard\\BrainSection.jsx": 1775127794.096823,
  "components\\dashboard\\DashboardSidebar.jsx": 1775739476.8220708,
  "components\\dashboard\\DynamicGreeting.jsx": 1775881518.4027562,
  "components\\dashboard\\ExamReadinessShareCard.jsx": 1775070482.2807815,
  "components\\dashboard\\ExamSection.jsx": 1775127816.7656703,
  "components\\dashboard\\FocusModeSection.jsx": 1775052131.1527858,
  "components\\dashboard\\QuizSection.jsx": 1775043331.744965,
  "components\\dashboard\\StudyPlanSection.jsx": 1775617393.8953633,
  "components\\dashboard\\UploadModal.jsx": 1775739385.0085275,
  "components\\dashboard\\UploadSection.jsx": 1775667979.556454,
  "components\\dashboard\\VoiceCallSection.jsx": 1775163808.0929377,
  "components\\dashboard\\WeeklyRecapCard.jsx": 1775070475.189204,
  "components\\layout\\AppLayout.jsx": 1775127519.5003479,
  "components\\layout\\RightPanel.jsx": 1774075177.9925907,
  "components\\layout\\Sidebar.jsx": 1774075153.5459123,
  "components\\ui\\MilestoneToast.jsx": 1774967041.060602,
  "context\\DashboardContext.jsx": 1775821880.5383594,
  "lib\\adaptivePlanner.js": 1774186843.0322545,
  "lib\\answerTemplates.js": 1775657914.0004237,
  "lib\\askWithDownload.js": 1773660746.4130194,
  "lib\\auth.js": 1774890170.7114818,
  "lib\\chat.js": 1774188907.3846295,
  "lib\\chunkText.js": 1772986707.15596,
  "lib\\detectExportIntent.js": 1773662329.140093,
  "lib\\detectTopic.js": 1774023792.6744802,
  "lib\\llmClassifier.js": 1775665008.7065852,
  "lib\\mastery.js": 1774185326.0558064,
  "lib\\memory.js": 1774017109.2392354,
  "lib\\normalizeMarkdownTables.js": 1775657975.431031,
  "lib\\parseAnswerSections.js": 1775657991.0139887,
  "lib\\planLimits.js": 1775820735.9523692,
  "lib\\postProcessor.js": 1775572468.5152984,
  "lib\\promptAssembler.js": 1775814689.0049498,
  "lib\\queryClassifier.js": 1775665084.7389498,
  "lib\\rag.js": 1774197674.6628826,
  "lib\\supabase.js": 1774870616.5641768,
  "lib\\supabaseServer.js": 1774870625.4553883,
  "lib\\voiceLimits.js": 1774924574.005769,
  "lib\\prompts\\base.js": 1775657924.0292072,
  "lib\\prompts\\domains\\biology.js": 1775665411.9212227,
  "lib\\prompts\\domains\\business.js": 1775665278.9096215,
  "lib\\prompts\\domains\\chemistry.js": 1775665396.4790182,
  "lib\\prompts\\domains\\cs.js": 1775665328.129084,
  "lib\\prompts\\domains\\electrical.js": 1775665363.9369397,
  "lib\\prompts\\domains\\finance.js": 1775665313.5968509,
  "lib\\prompts\\domains\\general.js": 1775487838.0648677,
  "lib\\prompts\\domains\\index.js": 1775664935.6159036,
  "lib\\prompts\\domains\\law.js": 1775665298.164787,
  "lib\\prompts\\domains\\math.js": 1775665644.8029172,
  "lib\\prompts\\domains\\mechanical.js": 1775665342.891045,
  "lib\\prompts\\domains\\medical.js": 1775665260.5424166,
  "lib\\prompts\\domains\\physics.js": 1775665375.5426934,
  "ui-ux-pro-max-skill\\cli\\assets\\data\\_sync_all.py": 1775148131.1868167,
  "ui-ux-pro-max-skill\\cli\\assets\\scripts\\core.py": 1775148131.215258,
  "ui-ux-pro-max-skill\\cli\\assets\\scripts\\design_system.py": 1775148131.2166834,
  "ui-ux-pro-max-skill\\cli\\assets\\scripts\\search.py": 1775148131.2166834,
  "ui-ux-pro-max-skill\\cli\\src\\index.ts": 1775148131.2328627,
  "ui-ux-pro-max-skill\\cli\\src\\commands\\init.ts": 1775148131.230538,
  "ui-ux-pro-max-skill\\cli\\src\\commands\\uninstall.ts": 1775148131.23178,
  "ui-ux-pro-max-skill\\cli\\src\\commands\\update.ts": 1775148131.23178,
  "ui-ux-pro-max-skill\\cli\\src\\commands\\versions.ts": 1775148131.23178,
  "ui-ux-pro-max-skill\\cli\\src\\types\\index.ts": 1775148131.2339551,
  "ui-ux-pro-max-skill\\cli\\src\\utils\\detect.ts": 1775148131.2339551,
  "ui-ux-pro-max-skill\\cli\\src\\utils\\extract.ts": 1775148131.2339551,
  "ui-ux-pro-max-skill\\cli\\src\\utils\\github.ts": 1775148131.2339551,
  "ui-ux-pro-max-skill\\cli\\src\\utils\\logger.ts": 1775148131.2339551,
  "ui-ux-pro-max-skill\\cli\\src\\utils\\template.ts": 1775148131.236657,
  "ui-ux-pro-max-skill\\src\\ui-ux-pro-max\\data\\_sync_all.py": 1775148131.2498164,
  "ui-ux-pro-max-skill\\src\\ui-ux-pro-max\\scripts\\core.py": 1775148131.2733364,
  "ui-ux-pro-max-skill\\src\\ui-ux-pro-max\\scripts\\design_system.py": 1775148131.2733364,